pathwaysNames	netSize	subnetSize	subnetScore	pvalues	qvalues	geneListEntrez	url
Acute myeloid leukemia	52	17	1.53258750886267	0.911852293031566	0.538259371652461	572;6688;862;6932;6655;7704;10000;8503;2322;4609;5295;6774;5293;3728;6199;2475;4893	http://www.ncbi.nlm.nih.gov/gene/?term= 572+6688+862+6932+6655+7704+10000+8503+2322+4609+5295+6774+5293+3728+6199+2475+4893
Adherens junction	61	6	4.59307529837758	0.497915425848719	0.538259371652461	5777;1956;1499;29119;1500;89	http://www.ncbi.nlm.nih.gov/gene/?term= 5777+1956+1499+29119+1500+89
Adipocytokine signaling pathway	62	6	2.69170783623838	0.780226325193568	0.538259371652461	3717;23205;2180;6774;5571;1375	http://www.ncbi.nlm.nih.gov/gene/?term= 3717+23205+2180+6774+5571+1375
Adrenergic signaling in cardiomyocytes	140	4	5.74376758846443	0.346039309112567	0.538259371652461	492;5566;778;818	http://www.ncbi.nlm.nih.gov/gene/?term= 492+5566+778+818
African trypanosomiasis	0	NA	NA	NA	NA		http://www.ncbi.nlm.nih.gov/gene/?term= 
Alanine, aspartate and glutamate metabolism	30	2	2.87848419397205	NA	NA	2746;8659	http://www.ncbi.nlm.nih.gov/gene/?term= 2746+8659
Alcoholism	100	4	6.7741737307447	0.234663490172722	0.538259371652461	2792;94235;111;2787	http://www.ncbi.nlm.nih.gov/gene/?term= 2792+94235+111+2787
Aldosterone-regulated sodium reabsorption	32	3	1.64605634790451	0.899940440738535	0.538259371652461	483;53828;4306	http://www.ncbi.nlm.nih.gov/gene/?term= 483+53828+4306
Aldosterone synthesis and secretion	60	9	4.15777563668622	0.558070279928529	0.538259371652461	816;5566;468;5330;818;3708;51305;5581;5587	http://www.ncbi.nlm.nih.gov/gene/?term= 816+5566+468+5330+818+3708+51305+5581+5587
Allograft rejection	0	NA	NA	NA	NA		http://www.ncbi.nlm.nih.gov/gene/?term= 
alpha-Linolenic acid metabolism	19	4	1.88839889248131	0.872543180464562	0.538259371652461	9415;84647;11145;8398	http://www.ncbi.nlm.nih.gov/gene/?term= 9415+84647+11145+8398
Alzheimer's disease	10	3	1.40032669960893	0.922572960095295	0.538352228053202	572;5532;51806	http://www.ncbi.nlm.nih.gov/gene/?term= 572+5532+51806
Aminoacyl-tRNA biosynthesis	0	NA	NA	NA	NA		http://www.ncbi.nlm.nih.gov/gene/?term= 
Amino sugar and nucleotide sugar metabolism	43	2	3.93436479172956	NA	NA	5372;3101	http://www.ncbi.nlm.nih.gov/gene/?term= 5372+3101
Amoebiasis	21	2	0.153575350003003	NA	NA	5331;9630	http://www.ncbi.nlm.nih.gov/gene/?term= 5331+9630
Amphetamine addiction	59	3	5.0757444307775	0.423466349017272	0.538259371652461	1385;818;23237	http://www.ncbi.nlm.nih.gov/gene/?term= 1385+818+23237
AMPK signaling pathway	88	7	2.67443617510162	0.782608695652174	0.538259371652461	23216;23417;2997;2998;5571;9230;92335	http://www.ncbi.nlm.nih.gov/gene/?term= 23216+23417+2997+2998+5571+9230+92335
Amyotrophic lateral sclerosis (ALS)	32	2	3.7851844291718	NA	NA	4744;1432	http://www.ncbi.nlm.nih.gov/gene/?term= 4744+1432
Antigen processing and presentation	30	3	1.72137768359846	0.891006551518761	0.538259371652461	972;1508;3109	http://www.ncbi.nlm.nih.gov/gene/?term= 972+1508+3109
Apoptosis	81	17	3.81838051874752	0.605717689100655	0.538259371652461	572;9020;330;355;841;5566;3551;329;3554;3656;839;207;836;8772;598;5970;5575	http://www.ncbi.nlm.nih.gov/gene/?term= 572+9020+330+355+841+5566+3551+329+3554+3656+839+207+836+8772+598+5970+5575
Arachidonic acid metabolism	56	2	5.24388882121143	NA	NA	84647;11283	http://www.ncbi.nlm.nih.gov/gene/?term= 84647+11283
Arginine and proline metabolism	45	10	6.54115758969142	0.254318046456224	0.538259371652461	4942;1158;383;2805;2593;223;8659;2628;5831;112817	http://www.ncbi.nlm.nih.gov/gene/?term= 4942+1158+383+2805+2593+223+8659+2628+5831+112817
Arginine biosynthesis	19	2	2.67453832885954	NA	NA	435;445	http://www.ncbi.nlm.nih.gov/gene/?term= 435+445
Arrhythmogenic right ventricular cardiomyopathy (ARVC)	0	NA	NA	NA	NA		http://www.ncbi.nlm.nih.gov/gene/?term= 
Ascorbate and aldarate metabolism	13	2	5.67647613816954	NA	NA	7358;7363	http://www.ncbi.nlm.nih.gov/gene/?term= 7358+7363
Asthma	0	NA	NA	NA	NA		http://www.ncbi.nlm.nih.gov/gene/?term= 
Autoimmune thyroid disease	0	NA	NA	NA	NA		http://www.ncbi.nlm.nih.gov/gene/?term= 
Axon guidance	102	10	3.84845036665588	0.6039309112567	0.538259371652461	2534;2932;1808;1943;2051;2043;55558;5921;29984;2242	http://www.ncbi.nlm.nih.gov/gene/?term= 2534+2932+1808+1943+2051+2043+55558+5921+29984+2242
Bacterial invasion of epithelial cells	56	2	2.80655853655088	NA	NA	63916;391	http://www.ncbi.nlm.nih.gov/gene/?term= 63916+391
Basal cell carcinoma	45	4	7.26029872797707	0.189994044073853	0.538259371652461	7478;7479;7481;8326	http://www.ncbi.nlm.nih.gov/gene/?term= 7478+7479+7481+8326
B cell receptor signaling pathway	55	4	7.30530118961096	0.188207266229899	0.538259371652461	974;5777;6850;4067	http://www.ncbi.nlm.nih.gov/gene/?term= 974+5777+6850+4067
beta-Alanine metabolism	26	2	3.42874770131138	NA	NA	221;223	http://www.ncbi.nlm.nih.gov/gene/?term= 221+223
Bile secretion	27	2	2.23703403408846	NA	NA	1080;5566	http://www.ncbi.nlm.nih.gov/gene/?term= 1080+5566
Biotin metabolism	0	NA	NA	NA	NA		http://www.ncbi.nlm.nih.gov/gene/?term= 
Bladder cancer	26	2	0.489693436725579	NA	NA	2261;4893	http://www.ncbi.nlm.nih.gov/gene/?term= 2261+4893
Butanoate metabolism	21	2	3.91462498820317	NA	NA	3158;54511	http://www.ncbi.nlm.nih.gov/gene/?term= 3158+54511
Caffeine metabolism	0	NA	NA	NA	NA		http://www.ncbi.nlm.nih.gov/gene/?term= 
Calcium signaling pathway	167	26	7.55012400408982	0.168552709946397	0.538259371652461	292;8913;816;492;5566;85366;778;3356;84812;5335;109;2774;817;1956;818;5331;3708;291;2911;9630;2905;886;51806;155;553;7416	http://www.ncbi.nlm.nih.gov/gene/?term= 292+8913+816+492+5566+85366+778+3356+84812+5335+109+2774+817+1956+818+5331+3708+291+2911+9630+2905+886+51806+155+553+7416
cAMP signaling pathway	184	24	5.90557594067193	0.324002382370459	0.538259371652461	572;816;492;483;5566;10411;2778;5594;778;2906;2771;116444;5908;109;23533;817;818;90993;2905;1128;5139;51806;338442;5348	http://www.ncbi.nlm.nih.gov/gene/?term= 572+816+492+483+5566+10411+2778+5594+778+2906+2771+116444+5908+109+23533+817+818+90993+2905+1128+5139+51806+338442+5348
Carbohydrate digestion and absorption	12	4	1.02418253920193	0.948183442525313	0.545038641261151	5291;208;5295;5293	http://www.ncbi.nlm.nih.gov/gene/?term= 5291+208+5295+5293
Cardiac muscle contraction	11	2	0.478780022218043	NA	NA	7139;7171	http://www.ncbi.nlm.nih.gov/gene/?term= 7139+7171
Cell adhesion molecules (CAMs)	30	2	3.48749196501463	NA	NA	8174;3695	http://www.ncbi.nlm.nih.gov/gene/?term= 8174+3695
Cell cycle	123	17	3.72424877609052	0.622394282310899	0.538259371652461	996;29945;2932;990;994;898;595;4172;1017;1028;993;4085;5001;7534;983;9134;10744	http://www.ncbi.nlm.nih.gov/gene/?term= 996+29945+2932+990+994+898+595+4172+1017+1028+993+4085+5001+7534+983+9134+10744
cGMP-PKG signaling pathway	149	24	5.44083152838034	0.380583680762359	0.538259371652461	292;4207;492;10335;4773;778;2771;6543;10672;468;2626;7225;5593;3708;291;5140;2977;4846;5581;146;5499;5139;155;7416	http://www.ncbi.nlm.nih.gov/gene/?term= 292+4207+492+10335+4773+778+2771+6543+10672+468+2626+7225+5593+3708+291+5140+2977+4846+5581+146+5499+5139+155+7416
Chagas disease (American trypanosomiasis)	74	10	2.37714803901993	0.815366289458011	0.538259371652461	355;841;6416;4792;5602;1432;5515;2353;5970;51135	http://www.ncbi.nlm.nih.gov/gene/?term= 355+841+6416+4792+5602+1432+5515+2353+5970+51135
Chemical carcinogenesis	52	4	5.87349516230723	0.32817153067302	0.538259371652461	6822;1545;2052;221357	http://www.ncbi.nlm.nih.gov/gene/?term= 6822+1545+2052+221357
Chemokine signaling pathway	165	24	7.69065051731612	0.160810005955926	0.538259371652461	10235;5566;108;2920;3717;5332;6387;6355;5197;2784;2771;10000;2309;7852;5908;2792;6370;5295;653361;5473;5580;94235;2787;10850	http://www.ncbi.nlm.nih.gov/gene/?term= 10235+5566+108+2920+3717+5332+6387+6355+5197+2784+2771+10000+2309+7852+5908+2792+6370+5295+653361+5473+5580+94235+2787+10850
Choline metabolism in cancer	63	4	4.16333009380452	0.557474687313877	0.538259371652461	9468;5602;1119;5900	http://www.ncbi.nlm.nih.gov/gene/?term= 9468+5602+1119+5900
Cholinergic synapse	89	8	8.14344209418229	0.129839189994044	0.538259371652461	2534;5566;2792;23533;818;94235;2787;1132	http://www.ncbi.nlm.nih.gov/gene/?term= 2534+5566+2792+23533+818+94235+2787+1132
Chronic myeloid leukemia	57	2	1.67948318661432	NA	NA	572;598	http://www.ncbi.nlm.nih.gov/gene/?term= 572+598
Circadian entrainment	91	6	8.25139913131494	0.126861226920786	0.538259371652461	5595;51655;2792;818;94235;2787	http://www.ncbi.nlm.nih.gov/gene/?term= 5595+51655+2792+818+94235+2787
Circadian rhythm	29	4	2.60850614021996	0.789160214413341	0.538259371652461	1407;79365;9575;5571	http://www.ncbi.nlm.nih.gov/gene/?term= 1407+79365+9575+5571
Citrate cycle (TCA cycle)	30	2	7.10084075101113	NA	NA	48;47	http://www.ncbi.nlm.nih.gov/gene/?term= 48+47
Cocaine addiction	42	6	2.14006449470099	0.848123883263848	0.538259371652461	5566;468;84152;1742;2905;1020	http://www.ncbi.nlm.nih.gov/gene/?term= 5566+468+84152+1742+2905+1020
Colorectal cancer	42	5	1.75649927207994	0.886241810601548	0.538259371652461	572;2932;10000;842;836	http://www.ncbi.nlm.nih.gov/gene/?term= 572+2932+10000+842+836
Complement and coagulation cascades	67	6	3.84801633358674	0.6039309112567	0.538259371652461	5340;5328;5345;2;5627;5104	http://www.ncbi.nlm.nih.gov/gene/?term= 5340+5328+5345+2+5627+5104
Cysteine and methionine metabolism	35	11	2.45215419320179	0.807027992852889	0.538259371652461	4190;27430;191;6723;1491;4548;2805;262;1036;875;3948	http://www.ncbi.nlm.nih.gov/gene/?term= 4190+27430+191+6723+1491+4548+2805+262+1036+875+3948
Cytokine-cytokine receptor interaction	95	2	2.32642522929156	NA	NA	3565;3597	http://www.ncbi.nlm.nih.gov/gene/?term= 3565+3597
Cytosolic DNA-sensing pathway	16	2	1.6950086512878	NA	NA	29110;3665	http://www.ncbi.nlm.nih.gov/gene/?term= 29110+3665
D-Glutamine and D-glutamate metabolism	0	NA	NA	NA	NA		http://www.ncbi.nlm.nih.gov/gene/?term= 
Dilated cardiomyopathy	72	2	4.38194966076907	NA	NA	5566;778	http://www.ncbi.nlm.nih.gov/gene/?term= 5566+778
Dopaminergic synapse	118	17	5.75521808109646	0.343061346039309	0.538259371652461	816;5566;5527;2932;5532;10000;2792;409;818;1813;3708;776;94235;2787;51806;23236;2903	http://www.ncbi.nlm.nih.gov/gene/?term= 816+5566+5527+2932+5532+10000+2792+409+818+1813+3708+776+94235+2787+51806+23236+2903
Dorso-ventral axis formation	0	NA	NA	NA	NA		http://www.ncbi.nlm.nih.gov/gene/?term= 
Drug metabolism - cytochrome P450	54	2	8.27765078236338	NA	NA	1565;7363	http://www.ncbi.nlm.nih.gov/gene/?term= 1565+7363
Drug metabolism - other enzymes	27	2	6.91064935475554	NA	NA	7363;2990	http://www.ncbi.nlm.nih.gov/gene/?term= 7363+2990
ECM-receptor interaction	85	8	4.61209359780737	0.489577129243597	0.538259371652461	3675;3381;3693;7450;256076;2814;7058;3690	http://www.ncbi.nlm.nih.gov/gene/?term= 3675+3381+3693+7450+256076+2814+7058+3690
Endocrine and other factor-regulated calcium reabsorption	35	2	2.08418679670021	NA	NA	5566;56302	http://www.ncbi.nlm.nih.gov/gene/?term= 5566+56302
Endometrial cancer	44	8	1.10903191582265	0.94699225729601	0.545038641261151	572;5291;208;5170;5295;1956;5293;5728	http://www.ncbi.nlm.nih.gov/gene/?term= 572+5291+208+5170+5295+1956+5293+5728
Epithelial cell signaling in Helicobacter pylori infection	24	2	2.46228560304995	NA	NA	6416;5602	http://www.ncbi.nlm.nih.gov/gene/?term= 6416+5602
Epstein-Barr virus infection	54	15	1.94634489717869	0.86777843954735	0.538259371652461	9020;5606;6416;2932;10454;3551;10000;8503;5335;7187;5295;5293;930;1147;4067	http://www.ncbi.nlm.nih.gov/gene/?term= 9020+5606+6416+2932+10454+3551+10000+8503+5335+7187+5295+5293+930+1147+4067
ErbB signaling pathway	85	8	4.28604130425527	0.538415723645027	0.538259371652461	816;6416;8440;374;5335;1956;818;56924	http://www.ncbi.nlm.nih.gov/gene/?term= 816+6416+8440+374+5335+1956+818+56924
Estrogen signaling pathway	85	7	3.97773942299035	0.587254318046456	0.538259371652461	5566;196883;5331;3708;2911;2776;5580	http://www.ncbi.nlm.nih.gov/gene/?term= 5566+196883+5331+3708+2911+2776+5580
Ether lipid metabolism	40	2	2.92194852106603	NA	NA	84647;7941	http://www.ncbi.nlm.nih.gov/gene/?term= 84647+7941
Fat digestion and absorption	0	NA	NA	NA	NA		http://www.ncbi.nlm.nih.gov/gene/?term= 
Fatty acid biosynthesis	12	3	1.93969127329365	0.868374032162001	0.538259371652461	23205;2180;2194	http://www.ncbi.nlm.nih.gov/gene/?term= 23205+2180+2194
Fatty acid degradation	39	2	2.9249693394191	NA	NA	37;10449	http://www.ncbi.nlm.nih.gov/gene/?term= 37+10449
Fatty acid elongation	16	3	2.88760553484385	0.750446694460989	0.538259371652461	9524;83401;9200	http://www.ncbi.nlm.nih.gov/gene/?term= 9524+83401+9200
Fc epsilon RI signaling pathway	59	2	4.04551109807897	NA	NA	5335;5580	http://www.ncbi.nlm.nih.gov/gene/?term= 5335+5580
Fc gamma R-mediated phagocytosis	86	7	3.71756936616823	0.624181060154854	0.538259371652461	5335;5880;10810;8853;5580;6850;382	http://www.ncbi.nlm.nih.gov/gene/?term= 5335+5880+10810+8853+5580+6850+382
Focal adhesion	204	24	6.01704790436414	0.315068493150685	0.538259371652461	330;3381;1286;2932;3693;85366;5595;5602;63923;2002;5908;5880;207;5295;1793;7791;5604;5747;256076;71;7058;2316;89;56924	http://www.ncbi.nlm.nih.gov/gene/?term= 330+3381+1286+2932+3693+85366+5595+5602+63923+2002+5908+5880+207+5295+1793+7791+5604+5747+256076+71+7058+2316+89+56924
Folate biosynthesis	0	NA	NA	NA	NA		http://www.ncbi.nlm.nih.gov/gene/?term= 
FoxO signaling pathway	112	12	3.26030927913371	0.695056581298392	0.538259371652461	5291;208;8743;116986;5170;10769;2308;2911;114907;6774;5571;4303	http://www.ncbi.nlm.nih.gov/gene/?term= 5291+208+8743+116986+5170+10769+2308+2911+114907+6774+5571+4303
Fructose and mannose metabolism	30	3	4.68903192178653	0.477069684335914	0.538259371652461	5372;6652;3101	http://www.ncbi.nlm.nih.gov/gene/?term= 5372+6652+3101
GABAergic synapse	62	3	3.92891021519402	0.592019058963669	0.538259371652461	2556;2557;5334	http://www.ncbi.nlm.nih.gov/gene/?term= 2556+2557+5334
Galactose metabolism	27	2	3.82496798994237	NA	NA	2538;2720	http://www.ncbi.nlm.nih.gov/gene/?term= 2538+2720
Gap junction	86	17	2.8848026135241	0.75104228707564	0.538259371652461	5566;108;2767;3356;7082;2771;5156;3357;56034;1956;3708;2697;2911;5578;23236;6714;1902	http://www.ncbi.nlm.nih.gov/gene/?term= 5566+108+2767+3356+7082+2771+5156+3357+56034+1956+3708+2697+2911+5578+23236+6714+1902
Gastric acid secretion	53	2	2.22031044813172	NA	NA	5566;196883	http://www.ncbi.nlm.nih.gov/gene/?term= 5566+196883
Glioma	62	3	3.63601700893143	0.634306134603931	0.538259371652461	816;818;51806	http://www.ncbi.nlm.nih.gov/gene/?term= 816+818+51806
Glucagon signaling pathway	79	8	4.48879387774709	0.511018463371054	0.538259371652461	816;5566;468;2538;818;2308;3708;5571	http://www.ncbi.nlm.nih.gov/gene/?term= 816+5566+468+2538+818+2308+3708+5571
Glutamatergic synapse	84	4	7.35244650701096	0.185824895771292	0.538259371652461	2792;196883;94235;2787	http://www.ncbi.nlm.nih.gov/gene/?term= 2792+196883+94235+2787
Glutathione metabolism	41	2	2.5972921335686	NA	NA	2937;221357	http://www.ncbi.nlm.nih.gov/gene/?term= 2937+221357
Glycerolipid metabolism	54	4	3.57126187653323	0.649791542584872	0.538259371652461	11343;231;223;1056	http://www.ncbi.nlm.nih.gov/gene/?term= 11343+231+223+1056
Glycerophospholipid metabolism	89	6	4.94356448015617	0.442525312686123	0.538259371652461	54947;9468;1119;10434;56261;84647	http://www.ncbi.nlm.nih.gov/gene/?term= 54947+9468+1119+10434+56261+84647
Glycine, serine and threonine metabolism	33	3	2.19191332697082	0.840976771888029	0.538259371652461	5723;212;189	http://www.ncbi.nlm.nih.gov/gene/?term= 5723+212+189
Glycolysis / Gluconeogenesis	64	11	3.08945065027698	0.722453841572364	0.538259371652461	221;26330;9562;2026;223;5313;1737;84532;5161;3948;669	http://www.ncbi.nlm.nih.gov/gene/?term= 221+26330+9562+2026+223+5313+1737+84532+5161+3948+669
Glycosaminoglycan biosynthesis - chondroitin sulfate / dermatan sulfate	11	2	2.32857333667373	NA	NA	64132;11285	http://www.ncbi.nlm.nih.gov/gene/?term= 64132+11285
Glycosaminoglycan biosynthesis - heparan sulfate / heparin	0	NA	NA	NA	NA		http://www.ncbi.nlm.nih.gov/gene/?term= 
Glycosaminoglycan degradation	19	4	3.73796336784111	0.617033948779035	0.538259371652461	6677;2799;2990;2720	http://www.ncbi.nlm.nih.gov/gene/?term= 6677+2799+2990+2720
Glycosphingolipid biosynthesis - ganglio series	15	2	3.76328089739321	NA	NA	2720;8705	http://www.ncbi.nlm.nih.gov/gene/?term= 2720+8705
Glycosphingolipid biosynthesis - globo series	13	2	0.532727596711109	NA	NA	6482;6489	http://www.ncbi.nlm.nih.gov/gene/?term= 6482+6489
Glycosphingolipid biosynthesis - lacto and neolacto series	25	2	4.25345327609367	NA	NA	8703;2525	http://www.ncbi.nlm.nih.gov/gene/?term= 8703+2525
Glycosylphosphatidylinositol(GPI)-anchor biosynthesis	22	2	1.86995226988647	NA	NA	55650;54965	http://www.ncbi.nlm.nih.gov/gene/?term= 55650+54965
Glyoxylate and dicarboxylate metabolism	14	2	6.97961625410377	NA	NA	189;112817	http://www.ncbi.nlm.nih.gov/gene/?term= 189+112817
GnRH signaling pathway	79	15	3.94128887645648	0.590232281119714	0.538259371652461	816;6416;5566;2778;2767;4214;5332;2798;113;468;817;818;3708;5580;51806	http://www.ncbi.nlm.nih.gov/gene/?term= 816+6416+5566+2778+2767+4214+5332+2798+113+468+817+818+3708+5580+51806
Graft-versus-host disease	0	NA	NA	NA	NA		http://www.ncbi.nlm.nih.gov/gene/?term= 
Hedgehog signaling pathway	47	4	6.23367233723861	0.29064919594997	0.538259371652461	7478;7479;7481;2735	http://www.ncbi.nlm.nih.gov/gene/?term= 7478+7479+7481+2735
Hepatitis B	118	28	2.28893588953782	0.826086956521739	0.538259371652461	572;355;5291;841;5594;2033;3551;7040;7046;5602;1386;10000;356;5605;468;5894;3454;5295;3442;114609;3716;836;6774;2353;6773;4615;5970;1960	http://www.ncbi.nlm.nih.gov/gene/?term= 572+355+5291+841+5594+2033+3551+7040+7046+5602+1386+10000+356+5605+468+5894+3454+5295+3442+114609+3716+836+6774+2353+6773+4615+5970+1960
Hepatitis C	86	3	2.0542698878259	0.85646217986897	0.538259371652461	7187;29110;3665	http://www.ncbi.nlm.nih.gov/gene/?term= 7187+29110+3665
Herpes simplex infection	80	2	2.01822431664558	NA	NA	841;836	http://www.ncbi.nlm.nih.gov/gene/?term= 841+836
HIF-1 signaling pathway	101	6	3.56735912000984	0.649791542584872	0.538259371652461	1387;816;3091;817;818;6774	http://www.ncbi.nlm.nih.gov/gene/?term= 1387+816+3091+817+818+6774
Hippo signaling pathway	141	24	6.31300291697686	0.282310899344848	0.538259371652461	7478;7479;174;1741;2932;7481;6788;7040;7472;7046;1855;374;10413;6934;26524;7476;7484;3689;7855;8945;1499;166824;6657;8326	http://www.ncbi.nlm.nih.gov/gene/?term= 7478+7479+174+1741+2932+7481+6788+7040+7472+7046+1855+374+10413+6934+26524+7476+7484+3689+7855+8945+1499+166824+6657+8326
Histidine metabolism	22	2	2.1026007551618	NA	NA	144193;131669	http://www.ncbi.nlm.nih.gov/gene/?term= 144193+131669
HTLV-I infection	167	2	2.76760912628736	NA	NA	996;10744	http://www.ncbi.nlm.nih.gov/gene/?term= 996+10744
Huntington's disease	22	3	1.97542298811123	0.86420488385944	0.538259371652461	1742;3708;3064	http://www.ncbi.nlm.nih.gov/gene/?term= 1742+3708+3064
Hypertrophic cardiomyopathy (HCM)	23	2	2.88444704173168	NA	NA	3693;71	http://www.ncbi.nlm.nih.gov/gene/?term= 3693+71
Inflammatory bowel disease (IBD)	43	4	2.70146496670822	0.779035139964264	0.538259371652461	3595;3594;6774;3592	http://www.ncbi.nlm.nih.gov/gene/?term= 3595+3594+6774+3592
Inflammatory mediator regulation of TRP channels	84	10	5.07825414419987	0.422870756402621	0.538259371652461	816;5566;818;5331;3708;2776;5580;2150;5581;7442	http://www.ncbi.nlm.nih.gov/gene/?term= 816+5566+818+5331+3708+2776+5580+2150+5581+7442
Influenza A	67	12	2.20968123820859	0.840381179273377	0.538259371652461	5606;6416;2932;3717;7297;23586;6772;5295;3460;7098;4261;9021	http://www.ncbi.nlm.nih.gov/gene/?term= 5606+6416+2932+3717+7297+23586+6772+5295+3460+7098+4261+9021
Inositol phosphate metabolism	68	8	4.47096398422761	0.513996426444312	0.538259371652461	55300;8871;8821;23007;51763;138429;4534;27124	http://www.ncbi.nlm.nih.gov/gene/?term= 55300+8871+8821+23007+51763+138429+4534+27124
Insulin resistance	96	12	3.98599310739	0.586658725431805	0.538259371652461	51085;32;5834;2998;8473;2308;5506;133522;5580;3667;79660;5571	http://www.ncbi.nlm.nih.gov/gene/?term= 51085+32+5834+2998+8473+2308+5506+133522+5580+3667+79660+5571
Insulin secretion	52	8	3.28409056613145	0.687909469922573	0.538259371652461	5566;117;2778;2767;778;468;196883;886	http://www.ncbi.nlm.nih.gov/gene/?term= 5566+117+2778+2767+778+468+196883+886
Insulin signaling pathway	130	24	4.36687814933669	0.530673019654556	0.538259371652461	5256;5291;5566;6720;32;2932;5834;2998;51763;8471;207;2308;5140;5506;5584;3643;5499;79660;6199;51806;122809;5571;5575;2475	http://www.ncbi.nlm.nih.gov/gene/?term= 5256+5291+5566+6720+32+2932+5834+2998+51763+8471+207+2308+5140+5506+5584+3643+5499+79660+6199+51806+122809+5571+5575+2475
Intestinal immune network for IgA production	0	NA	NA	NA	NA		http://www.ncbi.nlm.nih.gov/gene/?term= 
Jak-STAT signaling pathway	140	8	8.95631049917585	0.0899344848123883	0.538259371652461	3595;9466;7297;5777;3597;3572;3578;122809	http://www.ncbi.nlm.nih.gov/gene/?term= 3595+9466+7297+5777+3597+3572+3578+122809
Legionellosis	0	NA	NA	NA	NA		http://www.ncbi.nlm.nih.gov/gene/?term= 
Leishmaniasis	45	2	5.31994739852991	NA	NA	5595;5777	http://www.ncbi.nlm.nih.gov/gene/?term= 5595+5777
Leukocyte transendothelial migration	82	8	5.52118379487252	0.372840976771888	0.538259371652461	5291;1535;7294;3383;4478;7070;3689;7412	http://www.ncbi.nlm.nih.gov/gene/?term= 5291+1535+7294+3383+4478+7070+3689+7412
Linoleic acid metabolism	26	3	2.9880777846618	0.734961286480048	0.538259371652461	84647;1576;11145	http://www.ncbi.nlm.nih.gov/gene/?term= 84647+1576+11145
Lipoic acid metabolism	0	NA	NA	NA	NA		http://www.ncbi.nlm.nih.gov/gene/?term= 
Long-term depression	56	2	3.78304919547342	NA	NA	10672;2911	http://www.ncbi.nlm.nih.gov/gene/?term= 10672+2911
Long-term potentiation	64	8	4.5503578516479	0.505062537224538	0.538259371652461	816;5566;5594;818;3708;2911;2905;51806	http://www.ncbi.nlm.nih.gov/gene/?term= 816+5566+5594+818+3708+2911+2905+51806
Lysine biosynthesis	0	NA	NA	NA	NA		http://www.ncbi.nlm.nih.gov/gene/?term= 
Lysine degradation	47	2	2.15832651037393	NA	NA	79823;54904	http://www.ncbi.nlm.nih.gov/gene/?term= 79823+54904
Malaria	0	NA	NA	NA	NA		http://www.ncbi.nlm.nih.gov/gene/?term= 
MAPK signaling pathway	236	3	5.36772063266121	0.393091125670042	0.538259371652461	2255;2260;26281	http://www.ncbi.nlm.nih.gov/gene/?term= 2255+2260+26281
Maturity onset diabetes of the young	22	2	1.52377975624164	NA	NA	5078;50674	http://www.ncbi.nlm.nih.gov/gene/?term= 5078+50674
Measles	66	2	2.23045993248454	NA	NA	3665;51135	http://www.ncbi.nlm.nih.gov/gene/?term= 3665+51135
Melanogenesis	96	8	6.31164515979611	0.282310899344848	0.538259371652461	7478;7479;7481;2775;5330;818;51806;8326	http://www.ncbi.nlm.nih.gov/gene/?term= 7478+7479+7481+2775+5330+818+51806+8326
Melanoma	68	3	5.66054516897111	0.353186420488386	0.538259371652461	2255;26281;1956	http://www.ncbi.nlm.nih.gov/gene/?term= 2255+26281+1956
Metabolism of xenobiotics by cytochrome P450	58	7	7.59463395618777	0.164979154258487	0.538259371652461	1565;6822;2052;7363;221357;1645;1555	http://www.ncbi.nlm.nih.gov/gene/?term= 1565+6822+2052+7363+221357+1645+1555
MicroRNAs in cancer	103	6	0.454306170131231	0.979154258487195	0.558672215313915	6655;994;3845;993;406882;406935	http://www.ncbi.nlm.nih.gov/gene/?term= 6655+994+3845+993+406882+406935
Mineral absorption	0	NA	NA	NA	NA		http://www.ncbi.nlm.nih.gov/gene/?term= 
Morphine addiction	52	4	8.11507436386053	0.130434782608696	0.538259371652461	5566;2792;94235;2787	http://www.ncbi.nlm.nih.gov/gene/?term= 5566+2792+94235+2787
mTOR signaling pathway	54	5	2.35180721985946	0.818344252531269	0.538259371652461	3091;64121;57521;10670;2475	http://www.ncbi.nlm.nih.gov/gene/?term= 3091+64121+57521+10670+2475
Mucin type O-Glycan biosynthesis	29	2	2.28252952577903	NA	NA	2591;2650	http://www.ncbi.nlm.nih.gov/gene/?term= 2591+2650
Natural killer cell mediated cytotoxicity	110	7	3.56075687213472	0.652173913043478	0.538259371652461	5777;5335;10870;79465;7409;154064;22914	http://www.ncbi.nlm.nih.gov/gene/?term= 5777+5335+10870+79465+7409+154064+22914
Neuroactive ligand-receptor interaction	11	2	4.00396047828082	NA	NA	3001;2150	http://www.ncbi.nlm.nih.gov/gene/?term= 3001+2150
Neurotrophin signaling pathway	111	6	6.65802939212105	0.247170935080405	0.538259371652461	5335;4915;818;5580;51806;4909	http://www.ncbi.nlm.nih.gov/gene/?term= 5335+4915+818+5580+51806+4909
NF-kappa B signaling pathway	68	5	6.50501526863037	0.259678379988088	0.538259371652461	330;2920;5328;597;5970	http://www.ncbi.nlm.nih.gov/gene/?term= 330+2920+5328+597+5970
N-Glycan biosynthesis	48	2	2.94465946502405	NA	NA	84920;79053	http://www.ncbi.nlm.nih.gov/gene/?term= 84920+79053
Nicotinate and nicotinamide metabolism	27	2	10.7203388265355	NA	NA	115024;349565	http://www.ncbi.nlm.nih.gov/gene/?term= 115024+349565
Nitrogen metabolism	0	NA	NA	NA	NA		http://www.ncbi.nlm.nih.gov/gene/?term= 
NOD-like receptor signaling pathway	44	10	2.95399287631235	0.742108397855867	0.538259371652461	330;841;58484;29108;8767;22900;10392;114548;10910;64170	http://www.ncbi.nlm.nih.gov/gene/?term= 330+841+58484+29108+8767+22900+10392+114548+10910+64170
Non-alcoholic fatty liver disease (NAFLD)	61	2	2.40304762986553	NA	NA	355;841	http://www.ncbi.nlm.nih.gov/gene/?term= 355+841
Non-small cell lung cancer	48	9	1.64514240655646	0.899940440738535	0.538259371652461	572;5291;6655;10000;5335;5295;1956;238;4893	http://www.ncbi.nlm.nih.gov/gene/?term= 572+5291+6655+10000+5335+5295+1956+238+4893
Notch signaling pathway	47	4	3.36863109074644	0.674806432400238	0.538259371652461	1855;4853;3516;388585	http://www.ncbi.nlm.nih.gov/gene/?term= 1855+4853+3516+388585
Olfactory transduction	321	45	14.5623174006247	0.00416914830256105	0.321134576320955	390892;286362;409;127059;341276;390190;441608;391109;26737;125958;219482;126541;390058;119682;119694;119695;286365;219960;196335;120796;390081;390077;81309;390079;390083;26333;338755;403278;401992;283159;343173;26493;390038;401993;138803;390321;390078;346517;143502;26341;403273;26648;282763;401427;390167	http://www.ncbi.nlm.nih.gov/gene/?term= 390892+286362+409+127059+341276+390190+441608+391109+26737+125958+219482+126541+390058+119682+119694+119695+286365+219960+196335+120796+390081+390077+81309+390079+390083+26333+338755+403278+401992+283159+343173+26493+390038+401993+138803+390321+390078+346517+143502+26341+403273+26648+282763+401427+390167
One carbon pool by folate	19	2	2.98514277677125	NA	NA	4548;1719	http://www.ncbi.nlm.nih.gov/gene/?term= 4548+1719
Oocyte meiosis	106	17	5.54989467109936	0.368671828469327	0.538259371652461	29945;816;5566;5527;5532;26271;151648;818;286151;995;245711;4085;8945;699;9134;51806;10744	http://www.ncbi.nlm.nih.gov/gene/?term= 29945+816+5566+5527+5532+26271+151648+818+286151+995+245711+4085+8945+699+9134+51806+10744
Osteoclast differentiation	103	5	3.0345982020236	0.725431804645622	0.538259371652461	1535;2274;7186;5879;653361	http://www.ncbi.nlm.nih.gov/gene/?term= 1535+2274+7186+5879+653361
Ovarian steroidogenesis	32	2	3.52987437659104	NA	NA	5566;3283	http://www.ncbi.nlm.nih.gov/gene/?term= 5566+3283
Oxidative phosphorylation	44	3	5.95610978471064	0.319237641453246	0.538259371652461	64077;9296;521	http://www.ncbi.nlm.nih.gov/gene/?term= 64077+9296+521
Oxytocin signaling pathway	146	24	4.65255740458362	0.483621203097082	0.538259371652461	9254;816;782;6093;5566;5743;4637;4776;85366;778;5595;5532;2771;196883;59285;5330;1956;818;3708;5568;255189;5499;51806;5021	http://www.ncbi.nlm.nih.gov/gene/?term= 9254+816+782+6093+5566+5743+4637+4776+85366+778+5595+5532+2771+196883+59285+5330+1956+818+3708+5568+255189+5499+51806+5021
p53 signaling pathway	67	6	4.18112693113486	0.554496724240619	0.538259371652461	355;1026;7157;9134;575;5268	http://www.ncbi.nlm.nih.gov/gene/?term= 355+1026+7157+9134+575+5268
Pancreatic cancer	46	7	2.17241201927785	0.843359142346635	0.538259371652461	10928;10000;5880;5295;1956;598;5970	http://www.ncbi.nlm.nih.gov/gene/?term= 10928+10000+5880+5295+1956+598+5970
Pancreatic secretion	30	4	2.26191552629444	0.832042882668255	0.538259371652461	5331;3708;2776;886	http://www.ncbi.nlm.nih.gov/gene/?term= 5331+3708+2776+886
Pantothenate and CoA biosynthesis	12	2	1.62142732917263	NA	NA	60490;53354	http://www.ncbi.nlm.nih.gov/gene/?term= 60490+53354
Parkinson's disease	22	4	2.67726451910416	0.782013103037522	0.538259371652461	292;291;54205;7416	http://www.ncbi.nlm.nih.gov/gene/?term= 292+291+54205+7416
Pathogenic Escherichia coli infection	34	3	1.70279180724132	0.891602144133413	0.538259371652461	7454;8440;10095	http://www.ncbi.nlm.nih.gov/gene/?term= 7454+8440+10095
Pathways in cancer	286	45	6.69307434787704	0.243001786777844	0.538259371652461	572;3675;5898;10928;330;3909;7478;7479;1286;2932;7481;25;3091;208;7040;7472;7046;1855;4790;867;2735;1027;2322;1026;4149;7187;842;4609;23533;405;1956;7484;5900;3716;7855;836;6774;5747;598;9915;7423;9134;5727;8326;4893	http://www.ncbi.nlm.nih.gov/gene/?term= 572+3675+5898+10928+330+3909+7478+7479+1286+2932+7481+25+3091+208+7040+7472+7046+1855+4790+867+2735+1027+2322+1026+4149+7187+842+4609+23533+405+1956+7484+5900+3716+7855+836+6774+5747+598+9915+7423+9134+5727+8326+4893
Pentose and glucuronate interconversions	17	2	6.91064935475554	NA	NA	7363;2990	http://www.ncbi.nlm.nih.gov/gene/?term= 7363+2990
Pentose phosphate pathway	27	2	6.52748431162799	NA	NA	8277;51071	http://www.ncbi.nlm.nih.gov/gene/?term= 8277+51071
Pertussis	38	8	1.49328753925048	0.914830256104824	0.538259371652461	5602;2771;114609;2353;4615;5970;7189;51135	http://www.ncbi.nlm.nih.gov/gene/?term= 5602+2771+114609+2353+4615+5970+7189+51135
Phenylalanine metabolism	16	2	1.83197638105025	NA	NA	221;4128	http://www.ncbi.nlm.nih.gov/gene/?term= 221+4128
Phenylalanine, tyrosine and tryptophan biosynthesis	0	NA	NA	NA	NA		http://www.ncbi.nlm.nih.gov/gene/?term= 
Phosphatidylinositol signaling system	84	7	4.81142505491892	0.461584276354973	0.538259371652461	55300;8871;8821;51763;5298;4534;27124	http://www.ncbi.nlm.nih.gov/gene/?term= 55300+8871+8821+51763+5298+4534+27124
Phototransduction	25	2	3.91917131334392	NA	NA	2792;5145	http://www.ncbi.nlm.nih.gov/gene/?term= 2792+5145
PI3K-Akt signaling pathway	328	90	4.80713123060035	0.461584276354973	0.538259371652461	2324;10319;5291;1301;2263;2255;2260;26281;50509;1286;2932;3693;55012;1943;8115;2321;3551;2997;898;208;1021;5294;4233;595;2784;2998;896;7422;3910;5618;5159;356;2309;6696;1441;5228;7010;63923;2792;468;2258;1289;5894;3691;842;4803;5156;1284;4609;2250;2247;1950;1280;3695;3480;5170;1292;56034;9180;1956;3442;284;8817;90993;3570;200186;2264;2785;3716;7248;2793;94235;1128;3667;1942;5747;5293;256076;5970;2787;3265;9134;2149;7058;2248;5649;1288;1902;1388;3690	http://www.ncbi.nlm.nih.gov/gene/?term= 2324+10319+5291+1301+2263+2255+2260+26281+50509+1286+2932+3693+55012+1943+8115+2321+3551+2997+898+208+1021+5294+4233+595+2784+2998+896+7422+3910+5618+5159+356+2309+6696+1441+5228+7010+63923+2792+468+2258+1289+5894+3691+842+4803+5156+1284+4609+2250+2247+1950+1280+3695+3480+5170+1292+56034+9180+1956+3442+284+8817+90993+3570+200186+2264+2785+3716+7248+2793+94235+1128+3667+1942+5747+5293+256076+5970+2787+3265+9134+2149+7058+2248+5649+1288+1902+1388+3690
Platelet activation	120	12	3.96064451223789	0.589636688505063	0.538259371652461	10235;5566;2771;8503;10672;9002;196883;5331;3708;2776;2814;4067	http://www.ncbi.nlm.nih.gov/gene/?term= 10235+5566+2771+8503+10672+9002+196883+5331+3708+2776+2814+4067
Porphyrin and chlorophyll metabolism	31	3	2.1785492402149	0.843359142346635	0.538259371652461	1352;2235;2395	http://www.ncbi.nlm.nih.gov/gene/?term= 1352+2235+2395
Primary bile acid biosynthesis	17	2	2.45674861398886	NA	NA	10005;6342	http://www.ncbi.nlm.nih.gov/gene/?term= 10005+6342
Prion diseases	19	2	1.85121232515943	NA	NA	5566;10963	http://www.ncbi.nlm.nih.gov/gene/?term= 5566+10963
Progesterone-mediated oocyte maturation	67	9	2.76631841425738	0.76235854675402	0.538259371652461	996;29945;6196;5595;51343;4085;5604;699;4342	http://www.ncbi.nlm.nih.gov/gene/?term= 996+29945+6196+5595+51343+4085+5604+699+4342
Prolactin signaling pathway	69	5	2.84899186176873	0.754020250148898	0.538259371652461	2932;595;5618;6774;122809	http://www.ncbi.nlm.nih.gov/gene/?term= 2932+595+5618+6774+122809
Propanoate metabolism	22	2	1.22030026091094	NA	NA	23417;4329	http://www.ncbi.nlm.nih.gov/gene/?term= 23417+4329
Prostate cancer	85	10	2.68481109349307	0.782013103037522	0.538259371652461	2260;2932;898;1027;468;207;56034;1956;5293;9134	http://www.ncbi.nlm.nih.gov/gene/?term= 2260+2932+898+1027+468+207+56034+1956+5293+9134
Proteoglycans in cancer	185	25	8.49974530491501	0.110184633710542	0.538259371652461	960;7478;5566;7479;2260;3693;2017;7481;7023;5595;5777;79923;2335;5328;1026;4609;2247;2064;818;3708;288;3673;5747;8326;6714	http://www.ncbi.nlm.nih.gov/gene/?term= 960+7478+5566+7479+2260+3693+2017+7481+7023+5595+5777+79923+2335+5328+1026+4609+2247+2064+818+3708+288+3673+5747+8326+6714
Proximal tubule bicarbonate reclamation	0	NA	NA	NA	NA		http://www.ncbi.nlm.nih.gov/gene/?term= 
Purine metabolism	157	6	11.8056561489404	0.0244192972007147	0.538259371652461	30834;2986;30833;115024;5139;246721	http://www.ncbi.nlm.nih.gov/gene/?term= 30834+2986+30833+115024+5139+246721
Pyrimidine metabolism	98	4	11.4631699691211	0.0285884455032758	0.538259371652461	30833;115024;377841;246721	http://www.ncbi.nlm.nih.gov/gene/?term= 30833+115024+377841+246721
Pyruvate metabolism	39	9	2.71161062582085	0.776652769505658	0.538259371652461	4190;5106;97;223;5313;1737;5161;3948;134526	http://www.ncbi.nlm.nih.gov/gene/?term= 4190+5106+97+223+5313+1737+5161+3948+134526
Rap1 signaling pathway	192	24	5.54192234785485	0.370458606313282	0.538259371652461	889;5606;3937;10235;2255;5909;26281;10411;1943;8503;5908;5880;2258;2247;23533;56034;1956;5331;3689;5900;5293;84552;51806;5587	http://www.ncbi.nlm.nih.gov/gene/?term= 889+5606+3937+10235+2255+5909+26281+10411+1943+8503+5908+5880+2258+2247+23533+56034+1956+5331+3689+5900+5293+84552+51806+5587
Ras signaling pathway	210	24	5.96785965916077	0.319237641453246	0.538259371652461	572;10928;10235;5566;5595;5924;10000;5908;2792;5894;9771;84647;5295;3363;382;94235;5604;5293;2787;11145;8398;4303;4893;5863	http://www.ncbi.nlm.nih.gov/gene/?term= 572+10928+10235+5566+5595+5924+10000+5908+2792+5894+9771+84647+5295+3363+382+94235+5604+5293+2787+11145+8398+4303+4893+5863
Regulation of actin cytoskeleton	175	25	5.91008732268468	0.322811197141155	0.538259371652461	26999;387;6093;60;3693;6548;85366;10672;6237;5880;9459;10095;8394;4478;1793;3689;5747;55970;4342;1132;23365;7114;89;55845;56924	http://www.ncbi.nlm.nih.gov/gene/?term= 26999+387+6093+60+3693+6548+85366+10672+6237+5880+9459+10095+8394+4478+1793+3689+5747+55970+4342+1132+23365+7114+89+55845+56924
Regulation of lipolysis in adipocytes	51	4	2.21282688666868	0.839785586658725	0.538259371652461	5566;2778;196883;155	http://www.ncbi.nlm.nih.gov/gene/?term= 5566+2778+196883+155
Renal cell carcinoma	47	2	2.92578873345011	NA	NA	3091;9915	http://www.ncbi.nlm.nih.gov/gene/?term= 3091+9915
Renin-angiotensin system	0	NA	NA	NA	NA		http://www.ncbi.nlm.nih.gov/gene/?term= 
Renin secretion	41	2	1.66048624968825	NA	NA	5331;3708	http://www.ncbi.nlm.nih.gov/gene/?term= 5331+3708
Retinol metabolism	51	3	11.2799489400155	0.0297796307325789	0.538259371652461	1592;158835;7363	http://www.ncbi.nlm.nih.gov/gene/?term= 1592+158835+7363
Retrograde endocannabinoid signaling	57	4	7.20185714212938	0.194163192376415	0.538259371652461	3762;2792;94235;2787	http://www.ncbi.nlm.nih.gov/gene/?term= 3762+2792+94235+2787
Rheumatoid arthritis	0	NA	NA	NA	NA		http://www.ncbi.nlm.nih.gov/gene/?term= 
Riboflavin metabolism	0	NA	NA	NA	NA		http://www.ncbi.nlm.nih.gov/gene/?term= 
RIG-I-like receptor signaling pathway	45	4	1.48492727537533	0.915425848719476	0.538259371652461	9474;57506;7187;79671	http://www.ncbi.nlm.nih.gov/gene/?term= 9474+57506+7187+79671
Salivary secretion	45	2	2.22031044813172	NA	NA	5566;196883	http://www.ncbi.nlm.nih.gov/gene/?term= 5566+196883
Salmonella infection	42	6	2.35657290223202	0.817748659916617	0.538259371652461	7454;2318;10095;391;71;2316	http://www.ncbi.nlm.nih.gov/gene/?term= 7454+2318+10095+391+71+2316
Selenocompound metabolism	13	2	2.33619067352578	NA	NA	4548;92935	http://www.ncbi.nlm.nih.gov/gene/?term= 4548+92935
Serotonergic synapse	70	4	7.13930272646402	0.202501488981537	0.538259371652461	2792;5331;94235;2787	http://www.ncbi.nlm.nih.gov/gene/?term= 2792+5331+94235+2787
Shigellosis	45	2	2.80655853655088	NA	NA	63916;391	http://www.ncbi.nlm.nih.gov/gene/?term= 63916+391
Signaling pathways regulating pluripotency of stem cells	108	12	7.98834991509148	0.139964264443121	0.538259371652461	7478;7479;2932;7481;1855;79923;9314;4609;6774;6657;8326;5462	http://www.ncbi.nlm.nih.gov/gene/?term= 7478+7479+2932+7481+1855+79923+9314+4609+6774+6657+8326+5462
Small cell lung cancer	74	6	3.61881483914356	0.638475282906492	0.538259371652461	330;4790;595;4149;5925;9134	http://www.ncbi.nlm.nih.gov/gene/?term= 330+4790+595+4149+5925+9134
Sphingolipid metabolism	45	5	6.43734939519208	0.267421083978559	0.538259371652461	57704;55331;79603;125981;2720	http://www.ncbi.nlm.nih.gov/gene/?term= 57704+55331+79603+125981+2720
Sphingolipid signaling pathway	96	8	2.52128342276059	0.798094103633115	0.538259371652461	5527;208;2771;10672;8698;5170;5295;1903	http://www.ncbi.nlm.nih.gov/gene/?term= 5527+208+2771+10672+8698+5170+5295+1903
Staphylococcus aureus infection	20	2	1.26676165580735	NA	NA	727;728	http://www.ncbi.nlm.nih.gov/gene/?term= 727+728
Starch and sucrose metabolism	43	2	6.91064935475554	NA	NA	7363;2990	http://www.ncbi.nlm.nih.gov/gene/?term= 7363+2990
Steroid biosynthesis	17	3	8.12601272764084	0.129839189994044	0.538259371652461	1595;6307;7108	http://www.ncbi.nlm.nih.gov/gene/?term= 1595+6307+7108
Steroid hormone biosynthesis	46	3	8.02590708946532	0.138177486599166	0.538259371652461	7363;1584;3283	http://www.ncbi.nlm.nih.gov/gene/?term= 7363+1584+3283
Sulfur metabolism	0	NA	NA	NA	NA		http://www.ncbi.nlm.nih.gov/gene/?term= 
Synaptic vesicle cycle	0	NA	NA	NA	NA		http://www.ncbi.nlm.nih.gov/gene/?term= 
Synthesis and degradation of ketone bodies	0	NA	NA	NA	NA		http://www.ncbi.nlm.nih.gov/gene/?term= 
Systemic lupus erythematosus	0	NA	NA	NA	NA		http://www.ncbi.nlm.nih.gov/gene/?term= 
Taste transduction	43	2	2.54566330712104	NA	NA	346562;259287	http://www.ncbi.nlm.nih.gov/gene/?term= 346562+259287
Taurine and hypotaurine metabolism	10	2	0.837540013145702	NA	NA	2571;1036	http://www.ncbi.nlm.nih.gov/gene/?term= 2571+1036
T cell receptor signaling pathway	90	7	3.70205394948644	0.625967837998809	0.538259371652461	3937;5588;5777;7535;5335;6885;8915	http://www.ncbi.nlm.nih.gov/gene/?term= 3937+5588+5777+7535+5335+6885+8915
Terpenoid backbone biosynthesis	21	2	1.49312513985973	NA	NA	39;3158	http://www.ncbi.nlm.nih.gov/gene/?term= 39+3158
TGF-beta signaling pathway	78	9	3.05572173457386	0.724836212030971	0.538259371652461	9765;4092;7040;7046;93;83729;7048;4088;10637	http://www.ncbi.nlm.nih.gov/gene/?term= 9765+4092+7040+7046+93+83729+7048+4088+10637
Thiamine metabolism	0	NA	NA	NA	NA		http://www.ncbi.nlm.nih.gov/gene/?term= 
Thyroid cancer	14	2	0.708602073777375	NA	NA	5979;4893	http://www.ncbi.nlm.nih.gov/gene/?term= 5979+4893
Thyroid hormone signaling pathway	111	24	3.52627390233574	0.655151876116736	0.538259371652461	572;5291;483;5566;2932;6548;3091;5595;595;10000;5582;9882;2626;4609;486;10499;2308;7068;90390;5604;9282;9968;4624;5350	http://www.ncbi.nlm.nih.gov/gene/?term= 572+5291+483+5566+2932+6548+3091+5595+595+10000+5582+9882+2626+4609+486+10499+2308+7068+90390+5604+9282+9968+4624+5350
Thyroid hormone synthesis	44	2	2.77699756571249	NA	NA	5566;468	http://www.ncbi.nlm.nih.gov/gene/?term= 5566+468
Tight junction	122	6	9.02593177729413	0.0857653365098273	0.538259371652461	2017;7082;9073;5580;89;137075	http://www.ncbi.nlm.nih.gov/gene/?term= 2017+7082+9073+5580+89+137075
TNF signaling pathway	71	4	3.24616632933863	0.697438951756998	0.538259371652461	330;6416;7186;6885	http://www.ncbi.nlm.nih.gov/gene/?term= 330+6416+7186+6885
Toll-like receptor signaling pathway	88	14	3.18235421691192	0.706372840976772	0.538259371652461	6416;51311;941;3661;7187;6885;3442;114609;3627;4615;7189;29110;3665;51135	http://www.ncbi.nlm.nih.gov/gene/?term= 6416+51311+941+3661+7187+6885+3442+114609+3627+4615+7189+29110+3665+51135
Toxoplasmosis	88	2	4.07590605899392	NA	NA	330;836	http://www.ncbi.nlm.nih.gov/gene/?term= 330+836
Transcriptional misregulation in cancer	0	NA	NA	NA	NA		http://www.ncbi.nlm.nih.gov/gene/?term= 
Tryptophan metabolism	30	2	5.05819263854691	NA	NA	15;4128	http://www.ncbi.nlm.nih.gov/gene/?term= 15+4128
Tuberculosis	141	32	4.60440648459563	0.492555092316855	0.538259371652461	51606;816;841;4802;7879;5289;30835;3717;8411;8767;50617;3587;7421;6772;3656;3586;8915;817;3442;818;114609;1054;1520;836;8772;4615;5970;7189;51806;4261;51135;3109	http://www.ncbi.nlm.nih.gov/gene/?term= 51606+816+841+4802+7879+5289+30835+3717+8411+8767+50617+3587+7421+6772+3656+3586+8915+817+3442+818+114609+1054+1520+836+8772+4615+5970+7189+51806+4261+51135+3109
Type I diabetes mellitus	0	NA	NA	NA	NA		http://www.ncbi.nlm.nih.gov/gene/?term= 
Type II diabetes mellitus	39	3	4.29375154346148	0.536628945801072	0.538259371652461	5580;3667;122809	http://www.ncbi.nlm.nih.gov/gene/?term= 5580+3667+122809
Tyrosine metabolism	31	2	1.83197638105025	NA	NA	221;4128	http://www.ncbi.nlm.nih.gov/gene/?term= 221+4128
Ubiquinone and other terpenoid-quinone biosynthesis	0	NA	NA	NA	NA		http://www.ncbi.nlm.nih.gov/gene/?term= 
Valine, leucine and isoleucine degradation	45	5	4.03166589980155	0.579511614055986	0.538259371652461	11112;1962;223;54511;10449	http://www.ncbi.nlm.nih.gov/gene/?term= 11112+1962+223+54511+10449
Vascular smooth muscle contraction	102	8	6.36428876762899	0.275759380583681	0.538259371652461	5566;85366;10672;5331;3708;2776;5580;553	http://www.ncbi.nlm.nih.gov/gene/?term= 5566+85366+10672+5331+3708+2776+5580+553
Vasopressin-regulated water reabsorption	18	2	1.85000063431905	NA	NA	5566;64764	http://www.ncbi.nlm.nih.gov/gene/?term= 5566+64764
VEGF signaling pathway	59	2	1.8495117543885	NA	NA	9047;5335	http://www.ncbi.nlm.nih.gov/gene/?term= 9047+5335
Vibrio cholerae infection	0	NA	NA	NA	NA		http://www.ncbi.nlm.nih.gov/gene/?term= 
Viral carcinogenesis	0	NA	NA	NA	NA		http://www.ncbi.nlm.nih.gov/gene/?term= 
Viral myocarditis	0	NA	NA	NA	NA		http://www.ncbi.nlm.nih.gov/gene/?term= 
Vitamin B6 metabolism	0	NA	NA	NA	NA		http://www.ncbi.nlm.nih.gov/gene/?term= 
Vitamin digestion and absorption	0	NA	NA	NA	NA		http://www.ncbi.nlm.nih.gov/gene/?term= 
Wnt signaling pathway	125	17	7.75700446732385	0.156045265038714	0.538259371652461	816;7478;5566;7479;6932;7481;8312;1855;22943;818;5331;11197;7484;4041;64321;1499;8326	http://www.ncbi.nlm.nih.gov/gene/?term= 816+7478+5566+7479+6932+7481+8312+1855+22943+818+5331+11197+7484+4041+64321+1499+8326
